{
  "columns": 16,
  "image": "433px-TUX_G2.svg.png",
  "imageheight": 256,
  "imagewidth": 256,
  "margin": 0,
  "name": "16x16 Dungeon Tileset",
  "spacing": 0,
  "tilecount": 256,
  "tiledversion": "1.7.2",
  "tileheight": 16,
  "tiles": [
    {
      "id": 0,
      "objectgroup": {
        "draworder": "index",
        "id": 2,
        "name": "",
        "objects": [
          {
            "height": 4,
            "id": 1,
            "name": "",
            "rotation": 0,
            "type": "",
            "visible": true,
            "width": 16,
            "x": 0,
            "y": 12
          }
        ],
        "opacity": 1,
        "type": "objectgroup",
        "visible": true,
        "x": 0,
        "y": 0
      },
      "type": "Wall"
    },
    {
      "id": 1,
      "objectgroup": {
        "draworder": "index",
        "id": 2,
        "name": "",
        "objects": [
          {
            "height": 4,
            "id": 1,
            "name": "",
            "rotation": 0,
            "type": "",
            "visible": true,
            "width": 16,
            "x": 0,
            "y": 12
          }
        ],
        "opacity": 1,
        "type": "objectgroup",
        "visible": true,
        "x": 0,
        "y": 0
      },
      "type": "Wall"
    },
    {
      "id": 2,
      "objectgroup": {
        "draworder": "index",
        "id": 2,
        "name": "",
        "objects": [
          {
            "height": 4,
            "id": 1,
            "name": "",
            "rotation": 0,
            "type": "",
            "visible": true,
            "width": 16,
            "x": 0,
            "y": 12
          }
        ],
        "opacity": 1,
        "type": "objectgroup",
        "visible": true,
        "x": 0,
        "y": 0
      },
      "type": "Wall"
    },
    {
      "id": 3,
      "type": "Wall"
    },
    {
      "id": 4,
      "type": "Wall"
    },
    {
      "id": 16,
      "objectgroup": {
        "draworder": "index",
        "id": 4,
        "name": "",
        "objects": [
          {
            "height": 16,
            "id": 4,
            "name": "",
            "rotation": 0,
            "type": "",
            "visible": true,
            "width": 16,
            "x": 0,
            "y": 0
          }
        ],
        "opacity": 1,
        "type": "objectgroup",
        "visible": true,
        "x": 0,
        "y": 0
      },
      "type": "Wall"
    },
    {
      "id": 17,
      "objectgroup": {
        "draworder": "index",
        "id": 2,
        "name": "",
        "objects": [
          {
            "height": 16,
            "id": 1,
            "name": "",
            "rotation": 0,
            "type": "",
            "visible": true,
            "width": 16,
            "x": 0,
            "y": 0
          }
        ],
        "opacity": 1,
        "type": "objectgroup",
        "visible": true,
        "x": 0,
        "y": 0
      },
      "type": "Wall"
    },
    {
      "id": 18,
      "objectgroup": {
        "draworder": "index",
        "id": 2,
        "name": "",
        "objects": [
          {
            "height": 16,
            "id": 1,
            "name": "",
            "rotation": 0,
            "type": "",
            "visible": true,
            "width": 16,
            "x": 0,
            "y": 0
          }
        ],
        "opacity": 1,
        "type": "objectgroup",
        "visible": true,
        "x": 0,
        "y": 0
      },
      "type": "Wall"
    },
    {
      "id": 19,
      "type": "Wall"
    },
    {
      "id": 20,
      "type": "Wall"
    },
    {
      "id": 36,
      "type": "Wall"
    },
    {
      "id": 48,
      "type": "Wall"
    },
    {
      "id": 51,
      "type": "Wall"
    },
    {
      "id": 52,
      "type": "Wall"
    },
    {
      "id": 53,
      "type": "Wall"
    },
    {
      "id": 54,
      "type": "Wall"
    },
    {
      "id": 64,
      "type": "Wall"
    },
    {
      "id": 65,
      "type": "Wall"
    },
    {
      "id": 66,
      "type": "Wall"
    },
    {
      "id": 67,
      "type": "Wall"
    },
    {
      "id": 68,
      "type": "Wall"
    },
    {
      "id": 69,
      "type": "Wall"
    },
    {
      "id": 70,
      "type": "Wall"
    },
    {
      "id": 74,
      "type": "Wall"
    },
    {
      "id": 75,
      "type": "Wall"
    },
    {
      "id": 76,
      "type": "Wall"
    },
    {
      "id": 77,
      "type": "Wall"
    },
    {
      "id": 78,
      "type": "Wall"
    },
    {
      "id": 79,
      "type": "Wall"
    },
    {
      "id": 90,
      "type": "Wall"
    },
    {
      "id": 91,
      "type": "Wall"
    },
    {
      "id": 92,
      "type": "Wall"
    },
    {
      "id": 93,
      "type": "Wall"
    },
    {
      "id": 94,
      "type": "Wall"
    },
    {
      "id": 95,
      "type": "Wall"
    },
    {
      "id": 144,
      "type": "Monster"
    },
    {
      "id": 145,
      "type": "Monster"
    },
    {
      "id": 146,
      "type": "Monster"
    },
    {
      "id": 147,
      "type": "Monster"
    },
    {
      "id": 148,
      "type": "Monster"
    },
    {
      "id": 149,
      "type": "Monster"
    },
    {
      "id": 160,
      "type": "Monster"
    },
    {
      "id": 161,
      "type": "Monster"
    },
    {
      "id": 162,
      "type": "Monster"
    },
    {
      "id": 163,
      "type": "Monster"
    },
    {
      "id": 164,
      "type": "Monster"
    },
    {
      "id": 165,
      "type": "Monster"
    },
    {
      "id": 176,
      "type": "Monster"
    },
    {
      "id": 177,
      "type": "Monster"
    },
    {
      "id": 178,
      "type": "Monster"
    },
    {
      "id": 179,
      "type": "Monster"
    },
    {
      "id": 180,
      "type": "Monster"
    },
    {
      "id": 181,
      "type": "Monster"
    },
    {
      "id": 190,
      "type": "Chest"
    },
    {
      "id": 191,
      "type": "Chest"
    },
    {
      "id": 192,
      "type": "Monster"
    },
    {
      "id": 193,
      "type": "Monster"
    },
    {
      "id": 194,
      "type": "Monster"
    },
    {
      "id": 195,
      "type": "Monster"
    },
    {
      "id": 196,
      "type": "Monster"
    },
    {
      "id": 197,
      "type": "Monster"
    },
    {
      "id": 206,
      "type": "Chest"
    },
    {
      "id": 207,
      "type": "Chest"
    },
    {
      "id": 208,
      "type": "Monster"
    },
    {
      "id": 209,
      "type": "Monster"
    },
    {
      "id": 210,
      "type": "Monster"
    },
    {
      "id": 211,
      "type": "Monster"
    },
    {
      "id": 212,
      "type": "Monster"
    },
    {
      "id": 213,
      "type": "Monster"
    },
    {
      "id": 222,
      "type": "Chest"
    },
    {
      "id": 223,
      "type": "Chest"
    },
    {
      "id": 224,
      "type": "Monster"
    },
    {
      "id": 225,
      "type": "Monster"
    }
  ],
  "tilewidth": 16,
  "type": "tileset",
  "version": "1.6"
}