{
  "compressionlevel": -1,
  "height": 14,
  "infinite": false,
  "layers": [
    {
      "data": [
        0,
        1,
        2,
        2,
        2,
        2,
        2,
        2,
        2,
        2,
        3,
        0,
        1610612739,
        17,
        18,
        20,
        18,
        18,
        18,
        18,
        20,
        18,
        19,
        2684354561,
        1610612737,
        34,
        34,
        36,
        33,
        35,
        35,
        34,
        36,
        33,
        34,
        2684354562,
        0,
        117,
        51,
        97,
        98,
        98,
        98,
        100,
        51,
        51,
        51,
        2684354562,
        1610612739,
        51,
        51,
        113,
        114,
        115,
        115,
        116,
        51,
        51,
        51,
        2684354562,
        1610612738,
        51,
        51,
        129,
        130,
        130,
        131,
        132,
        51,
        51,
        51,
        2684354562,
        1610612738,
        51,
        51,
        51,
        6,
        7,
        6,
        7,
        51,
        51,
        51,
        2684354562,
        1610612738,
        20,
        18,
        78,
        22,
        23,
        22,
        23,
        78,
        18,
        20,
        2684354562,
        1610612738,
        36,
        51,
        51,
        38,
        39,
        38,
        39,
        51,
        51,
        36,
        2684354562,
        1610612738,
        51,
        51,
        51,
        51,
        51,
        51,
        51,
        51,
        51,
        51,
        2684354562,
        1610612738,
        51,
        51,
        51,
        51,
        51,
        51,
        51,
        51,
        51,
        51,
        2684354562,
        1610612738,
        51,
        51,
        51,
        51,
        51,
        51,
        51,
        51,
        51,
        51,
        2684354562,
        1610612737,
        1073741857,
        1073741858,
        1073741858,
        1073741858,
        1073741858,
        1073741858,
        1073741858,
        1073741858,
        1073741858,
        1073741859,
        2684354563,
        0,
        1073741825,
        1073741826,
        1073741826,
        1073741826,
        1073741826,
        1073741826,
        1073741826,
        1073741826,
        1073741826,
        1073741827,
        0
      ],
      "height": 14,
      "id": 1,
      "name": "Ground",
      "opacity": 1,
      "type": "tilelayer",
      "visible": true,
      "width": 12,
      "x": 0,
      "y": 0
    },
    {
      "data": [
        0,
        0,
        0,
        0,
        0,
        0,
        0,
        0,
        0,
        0,
        0,
        0,
        0,
        0,
        0,
        0,
        0,
        0,
        0,
        0,
        0,
        0,
        0,
        0,
        0,
        0,
        0,
        0,
        0,
        0,
        0,
        0,
        0,
        0,
        0,
        0,
        0,
        146,
        164,
        0,
        0,
        50,
        0,
        0,
        0,
        0,
        0,
        0,
        0,
        0,
        0,
        0,
        0,
        0,
        0,
        0,
        0,
        0,
        0,
        0,
        0,
        0,
        0,
        0,
        0,
        0,
        0,
        0,
        0,
        0,
        0,
        0,
        0,
        1,
        2,
        3,
        0,
        0,
        0,
        0,
        1,
        2,
        3,
        0,
        0,
        0,
        0,
        0,
        0,
        0,
        0,
        0,
        0,
        0,
        0,
        0,
        0,
        0,
        192,
        0,
        0,
        0,
        0,
        0,
        0,
        0,
        0,
        0,
        0,
        0,
        0,
        0,
        0,
        0,
        0,
        0,
        0,
        0,
        0,
        0,
        0,
        0,
        0,
        0,
        0,
        0,
        0,
        0,
        0,
        0,
        0,
        0,
        0,
        0,
        0,
        0,
        0,
        0,
        257,
        0,
        0,
        0,
        0,
        0,
        0,
        0,
        0,
        0,
        0,
        0,
        0,
        0,
        0,
        0,
        0,
        0,
        0,
        0,
        0,
        0,
        0,
        0,
        0,
        0,
        0,
        0,
        0,
        0
      ],
      "height": 14,
      "id": 10,
      "name": "Middle",
      "opacity": 1,
      "type": "tilelayer",
      "visible": true,
      "width": 12,
      "x": 0,
      "y": 0
    }
  ],
  "nextlayerid": 11,
  "nextobjectid": 6,
  "orientation": "orthogonal",
  "renderorder": "right-down",
  "tiledversion": "1.7.2",
  "tileheight": 16,
  "tilesets": [
    {
      "firstgid": 1,
      "source": "../Tilesets/16x16_DungeonTileset/16x16_DungeonTileset.json"
    },
    {
      "firstgid": 257,
      "source": "../Tilesets/Slime_Medium_Blue/Slime_Medium_Blue.json"
    }
  ],
  "tilewidth": 16,
  "type": "map",
  "version": "1.6",
  "width": 12
}