{
  "columns": 7,
  "image": "Slime_Medium_Blue.png",
  "imageheight": 128,
  "imagewidth": 128,
  "margin": 8,
  "name": "Slime_Medium_Blue",
  "spacing": 0,
  "tilecount": 49,
  "tiledversion": "1.7.2",
  "tileheight": 16,
  "tiles": [
    {
      "id": 0,
      "type": "Monster"
    },
    {
      "id": 2,
      "type": "Monster"
    },
    {
      "id": 4,
      "type": "Monster"
    },
    {
      "id": 6,
      "type": "Monster"
    },
    {
      "id": 14,
      "type": "Monster"
    },
    {
      "id": 16,
      "type": "Monster"
    },
    {
      "id": 18,
      "type": "Monster"
    },
    {
      "id": 20,
      "type": "Monster"
    },
    {
      "id": 28,
      "type": "Monster"
    },
    {
      "id": 30,
      "type": "Monster"
    },
    {
      "id": 32,
      "type": "Monster"
    },
    {
      "id": 34,
      "type": "Monster"
    },
    {
      "id": 42,
      "type": "Monster"
    },
    {
      "id": 44,
      "type": "Monster"
    },
    {
      "id": 46,
      "type": "Monster"
    },
    {
      "id": 48,
      "type": "Monster"
    }
  ],
  "tilewidth": 16,
  "type": "tileset",
  "version": "1.6"
}